table,column,declared_type,match_reason
amc_core.patient_note_patient_contact,note_made_at_date_time,timestamptz,typed_date
amc_core.patient_note_patient_contact,note_file_time_dttm,timestamptz,typed_date
amc_core.patient_note_patient_contact,entry_instant_dttm,timestamptz,typed_date
amc_core.patient_note_patient_contact,patient_contact_date_time,timestamptz,typed_date
amc_core.patient_note_patient_contact,note_made_on_date,date,typed_date
amc_core.patient_note_patient_contact,note_made_at_time,time,typed_date
amc_core.patient_note_patient_contact,dcm_refreshed_date_time,timestamptz,typed_date
amc_core.patient_note_patient_contact,issue_dt,timestamptz,typed_date
amc_core.admission_traject,admission_moment,timestamptz,typed_date
amc_core.admission_traject,admission_date,date,typed_date
amc_core.admission_traject,admission_time,time,typed_date
amc_core.admission_traject,discharge_moment,timestamptz,typed_date
amc_core.admission_traject,discharge_date,date,typed_date
amc_core.admission_traject,discharge_time,time,typed_date
amc_core.admission_traject,dcm_refreshed_date_time,timestamptz,typed_date
amc_core.admission_traject,issue_dt,date,typed_date
amc_core.admission_partial_traject,admission_traject_admission_date,date,typed_date
amc_core.admission_partial_traject,admission_traject_admission_date_time,timestamptz,typed_date
amc_core.admission_partial_traject,admission_traject_discharge_date,date,typed_date
amc_core.admission_partial_traject,admission_traject_discharge_date_time,timestamptz,typed_date
amc_core.admission_partial_traject,start_date_time,timestamptz,typed_date
amc_core.admission_partial_traject,start_date,date,typed_date
amc_core.admission_partial_traject,start_time,time,typed_date
amc_core.admission_partial_traject,end_date_time,timestamptz,typed_date
amc_core.admission_partial_traject,end_date,date,typed_date
amc_core.admission_partial_traject,end_time,time,typed_date
amc_core.admission_partial_traject,dcm_refreshed_date_time,timestamptz,typed_date
amc_core.admission_partial_traject,issue_dt,date,typed_date
amc_core.adverse_event,course_date,date,typed_date
amc_core.adverse_event,solution_date,date,typed_date
amc_core.adverse_event,research_project_start_date,date,typed_date
amc_core.adverse_event,dcm_refreshed_date_time,timestamptz,typed_date
amc_core.adverse_event,issue_dt,timestamptz,typed_date
amc_core.seh_trajectory,urgent_contact_created_date_time,timestamptz,typed_date
amc_core.seh_trajectory,patient_arrived_at_seh_date_time,timestamptz,typed_date
amc_core.seh_trajectory,seh_admission_moment,time,typed_date
amc_core.seh_trajectory,seh_admission_date,date,typed_date
amc_core.seh_trajectory,seh_admission_date_time,timestamptz,typed_date
amc_core.seh_trajectory,seh_departure_moment,time,typed_date
amc_core.seh_trajectory,seh_departure_date,date,typed_date
amc_core.seh_trajectory,seh_departure_date_time,timestamptz,typed_date
amc_core.seh_trajectory,dcm_refreshed_date_time,timestamptz,typed_date
amc_core.seh_trajectory,issue_dt,timestamptz,typed_date
amc_core.patient_appointment,appointment_made_at_date_time,timestamptz,typed_date
amc_core.patient_appointment,appointment_date,date,typed_date
amc_core.patient_appointment,appointment_time,time,typed_date
amc_core.patient_appointment,appointment_start_moment,timestamptz,typed_date
amc_core.patient_appointment,appointment_end_moment,timestamptz,typed_date
amc_core.patient_appointment,order_date,date,typed_date
amc_core.patient_appointment,order_time,time,typed_date
amc_core.patient_appointment,dcm_refreshed_date_time,timestamptz,typed_date
amc_core.patient_appointment,issue_dt,timestamptz,typed_date
amc_core.patient_appointment_line,appointment_made_at_date_time,timestamptz,typed_date
amc_core.patient_appointment_line,appointment_date,date,typed_date
amc_core.patient_appointment_line,appointment_time,time,typed_date
amc_core.patient_appointment_line,appointment_start_moment,timestamptz,typed_date
amc_core.patient_appointment_line,appointment_end_moment,timestamptz,typed_date
amc_core.patient_appointment_line,order_date,date,typed_date
amc_core.patient_appointment_line,order_time,time,typed_date
amc_core.patient_appointment_line,dcm_refreshed_date_time,timestamptz,typed_date
amc_core.patient_appointment_line,issue_dt,timestamptz,typed_date
amc_core.death_registration,meet_time,time,typed_date
amc_core.death_registration,meet_date,date,typed_date
amc_core.death_registration,measurement_moment,timestamptz,typed_date
amc_core.death_registration,date_transfer_mortuary,date,typed_date
amc_core.death_registration,time_transfer_mortuary,time,typed_date
amc_core.death_registration,dcm_refreshed_date_time,timestamptz,typed_date
amc_core.death_registration,issue_dt,timestamptz,typed_date
amc_core.family_history,registration_date,date,typed_date
amc_core.family_history,dcm_refreshed_date_time,timestamptz,typed_date
amc_core.family_history,issue_dt,timestamptz,typed_date
amc_core.imaging_study_order,start_moment,timestamptz,typed_date
amc_core.imaging_study_order,start_date,date,typed_date
amc_core.imaging_study_order,start_time,time,typed_date
amc_core.imaging_study_order,end_moment,timestamptz,typed_date
amc_core.imaging_study_order,end_date,date,typed_date
amc_core.imaging_study_order,end_time,time,typed_date
amc_core.imaging_study_order,final_report_date_time,timestamptz,typed_date
amc_core.imaging_study_order,dcm_refreshed_date_time,timestamptz,typed_date
amc_core.imaging_study_order,issue_dt,timestamptz,typed_date
amc_core.lab_result,material_decrease_date,date,typed_date
amc_core.lab_result,material_decrease_time,time,typed_date
amc_core.lab_result,material_decrease_date_time,timestamptz,typed_date
amc_core.lab_result,result_date,date,typed_date
amc_core.lab_result,result_time,time,typed_date
amc_core.lab_result,result_date_time,timestamptz,typed_date
amc_core.lab_result,dcm_refreshed_date_time,timestamptz,typed_date
amc_core.lab_result,issue_dt,timestamptz,typed_date
amc_core.measurement_vital_signs_data,meet_time,time,typed_date
amc_core.measurement_vital_signs_data,meet_date,date,typed_date
amc_core.measurement_vital_signs_data,measurement_moment,timestamptz,typed_date
amc_core.measurement_vital_signs_data,dcm_refreshed_date_time,timestamptz,typed_date
amc_core.measurement_vital_signs_data,issue_dt,timestamptz,typed_date
amc_core.procedures,intervention_date,date,typed_date
amc_core.procedures,dcm_refreshed_date_time,timestamptz,typed_date
amc_core.procedures,issue_dt,timestamptz,typed_date
amc_core.measurement_blood_pressure,measurement_moment,text,name_pattern_only
amc_core.measurement_blood_pressure,meet_time,time,typed_date
amc_core.measurement_blood_pressure,meet_date,date,typed_date
amc_core.measurement_blood_pressure,dcm_refreshed_date_time,timestamptz,typed_date
amc_core.measurement_blood_pressure,issue_dt,timestamptz,typed_date
amc_core.measurement_blood_pressure_average,measurement_moment,text,name_pattern_only
amc_core.measurement_blood_pressure_average,meet_time,time,typed_date
amc_core.measurement_blood_pressure_average,meet_date,date,typed_date
amc_core.measurement_blood_pressure_average,dcm_refreshed_date_time,timestamptz,typed_date
amc_core.measurement_blood_pressure_average,issue_dt,timestamptz,typed_date
amc_core.measurement_bmi,measurement_moment,text,name_pattern_only
amc_core.measurement_bmi,meet_time,time,typed_date
amc_core.measurement_bmi,meet_date,date,typed_date
amc_core.measurement_bmi,dcm_refreshed_date_time,timestamptz,typed_date
amc_core.measurement_bmi,issue_dt,timestamptz,typed_date
amc_core.measurement_chadsvasc_score,measurement_moment,text,name_pattern_only
amc_core.measurement_chadsvasc_score,meet_time,time,typed_date
amc_core.measurement_chadsvasc_score,meet_date,date,typed_date
amc_core.measurement_chadsvasc_score,dcm_refreshed_date_time,timestamptz,typed_date
amc_core.measurement_chadsvasc_score,issue_dt,timestamptz,typed_date
amc_core.measurement_diurese,measurement_moment,text,name_pattern_only
amc_core.measurement_diurese,meet_time,time,typed_date
amc_core.measurement_diurese,meet_date,date,typed_date
amc_core.measurement_diurese,dcm_refreshed_date_time,timestamptz,typed_date
amc_core.measurement_diurese,issue_dt,date,typed_date
amc_core.measurement_doss_score,measurement_moment,text,name_pattern_only
amc_core.measurement_doss_score,meet_time,time,typed_date
amc_core.measurement_doss_score,meet_date,date,typed_date
amc_core.measurement_doss_score,dcm_refreshed_date_time,timestamptz,typed_date
amc_core.measurement_doss_score,issue_dt,timestamptz,typed_date
amc_core.measurement_heart_frequency,measurement_moment,text,name_pattern_only
amc_core.measurement_heart_frequency,meet_time,time,typed_date
amc_core.measurement_heart_frequency,meet_date,date,typed_date
amc_core.measurement_heart_frequency,dcm_refreshed_date_time,timestamptz,typed_date
amc_core.measurement_heart_frequency,issue_dt,timestamptz,typed_date
amc_core.measurement_height,measurement_moment,text,name_pattern_only
amc_core.measurement_height,meet_time,time,typed_date
amc_core.measurement_height,meet_date,date,typed_date
amc_core.measurement_height,dcm_refreshed_date_time,timestamptz,typed_date
amc_core.measurement_height,issue_dt,timestamptz,typed_date
amc_core.measurement_o2_saturation,measurement_moment,text,name_pattern_only
amc_core.measurement_o2_saturation,meet_time,time,typed_date
amc_core.measurement_o2_saturation,meet_date,date,typed_date
amc_core.measurement_o2_saturation,dcm_refreshed_date_time,timestamptz,typed_date
amc_core.measurement_o2_saturation,issue_dt,timestamptz,typed_date
amc_core.measurement_snaq_score,measurement_moment,text,name_pattern_only
amc_core.measurement_snaq_score,meet_time,time,typed_date
amc_core.measurement_snaq_score,meet_date,date,typed_date
amc_core.measurement_snaq_score,dcm_refreshed_date_time,timestamptz,typed_date
amc_core.measurement_snaq_score,issue_dt,timestamptz,typed_date
amc_core.measurement_weight,measurement_moment,text,name_pattern_only
amc_core.measurement_weight,meet_time,time,typed_date
amc_core.measurement_weight,meet_date,date,typed_date
amc_core.measurement_weight,dcm_refreshed_date_time,timestamptz,typed_date
amc_core.measurement_weight,issue_dt,timestamptz,typed_date
amc_core.ok_procedure_performed,session_start_date,date,typed_date
amc_core.ok_procedure_performed,session_start_date_time,timestamptz,typed_date
amc_core.ok_procedure_performed,intervention_executed_date,date,typed_date
amc_core.ok_procedure_performed,dcm_refreshed_date_time,timestamptz,typed_date
amc_core.ok_procedure_performed,issue_dt,timestamptz,typed_date
amc_core.ok_procedure_planned,session_planned_start_date,date,typed_date
amc_core.ok_procedure_planned,dcm_refreshed_date_time,timestamptz,typed_date
amc_core.ok_procedure_planned,issue_dt,timestamptz,typed_date
amc_core.ecg_measurement,ecg_decrease_date,date,typed_date
amc_core.ecg_measurement,ecg_decrease_time,time,typed_date
amc_core.ecg_measurement,ecg_decrease_date_time,timestamptz,typed_date
amc_core.ecg_measurement,dcm_refreshed_date_time,timestamptz,typed_date
amc_core.ecg_measurement,issue_dt,timestamptz,typed_date
amc_core.ecg_measurement_test_feature,ecg_decrease_date,date,typed_date
amc_core.ecg_measurement_test_feature,ecg_decrease_time,time,typed_date
amc_core.ecg_measurement_test_feature,ecg_decrease_date_time,timestamptz,typed_date
amc_core.ecg_measurement_test_feature,ecg_change_date_time,timestamptz,typed_date
amc_core.ecg_measurement_test_feature,issue_dt,timestamptz,typed_date
amc_core.ic_procedure_note_bronchoscopy,intervention_date_time,timestamptz,typed_date
amc_core.ic_procedure_note_bronchoscopy,dcm_refreshed_date_time,timestamptz,typed_date
amc_core.ic_procedure_note_bronchoscopy,issue_dt,timestamptz,typed_date
amc_core.measurement_fluid_assessment_diuresis,measurement_moment,text,name_pattern_only
amc_core.measurement_fluid_assessment_diuresis,meet_time,time,typed_date
amc_core.measurement_fluid_assessment_diuresis,meet_date,date,typed_date
amc_core.measurement_fluid_assessment_diuresis,dcm_refreshed_date_time,timestamptz,typed_date
amc_core.measurement_fluid_assessment_diuresis,issue_dt,timestamptz,typed_date
amc_core.measurement_fluid_balance_assessment_emesis,measurement_moment,text,name_pattern_only
amc_core.measurement_fluid_balance_assessment_emesis,meet_time,time,typed_date
amc_core.measurement_fluid_balance_assessment_emesis,meet_date,date,typed_date
amc_core.measurement_fluid_balance_assessment_emesis,dcm_refreshed_date_time,timestamptz,typed_date
amc_core.measurement_fluid_balance_assessment_emesis,issue_dt,timestamptz,typed_date
amc_core.measurement_fluid_balance_assessment_feces,measurement_moment,text,name_pattern_only
amc_core.measurement_fluid_balance_assessment_feces,meet_time,time,typed_date
amc_core.measurement_fluid_balance_assessment_feces,meet_date,date,typed_date
amc_core.measurement_fluid_balance_assessment_feces,dcm_refreshed_date_time,timestamptz,typed_date
amc_core.measurement_fluid_balance_assessment_feces,issue_dt,timestamptz,typed_date
amc_core.measurement_fluid_balance_out,meet_time,time,typed_date
amc_core.measurement_fluid_balance_out,meet_date,date,typed_date
amc_core.measurement_fluid_balance_out,measurement_moment,text,name_pattern_only
amc_core.measurement_fluid_balance_out,dcm_refreshed_date_time,timestamptz,typed_date
amc_core.measurement_fluid_balance_out,issue_dt,timestamptz,typed_date
amc_core.measurement_fluid_balance_stomach_retention,measurement_moment,text,name_pattern_only
amc_core.measurement_fluid_balance_stomach_retention,meet_time,time,typed_date
amc_core.measurement_fluid_balance_stomach_retention,meet_date,date,typed_date
amc_core.measurement_fluid_balance_stomach_retention,dcm_refreshed_date_time,timestamptz,typed_date
amc_core.measurement_fluid_balance_stomach_retention,issue_dt,date,typed_date
amc_core.measurement_fluid_in,meet_time,time,typed_date
amc_core.measurement_fluid_in,meet_date,date,typed_date
amc_core.measurement_fluid_in,measurement_moment,text,name_pattern_only
amc_core.measurement_fluid_in,dcm_refreshed_date_time,timestamptz,typed_date
amc_core.measurement_fluid_in,issue_dt,timestamptz,typed_date
amc_core.measurement_nephrology_cntv_medication,measurement_moment,text,name_pattern_only
amc_core.measurement_nephrology_cntv_medication,meet_time,time,typed_date
amc_core.measurement_nephrology_cntv_medication,meet_date,date,typed_date
amc_core.measurement_nephrology_cntv_medication,dcm_refreshed_date_time,timestamptz,typed_date
amc_core.measurement_nephrology_cntv_medication,issue_dt,timestamptz,typed_date
amc_core.measurement_nephrology_cnvt_settings,measurement_moment,text,name_pattern_only
amc_core.measurement_nephrology_cnvt_settings,meet_time,time,typed_date
amc_core.measurement_nephrology_cnvt_settings,meet_date,date,typed_date
amc_core.measurement_nephrology_cnvt_settings,dcm_refreshed_date_time,timestamptz,typed_date
amc_core.measurement_nephrology_cnvt_settings,issue_dt,timestamptz,typed_date
amc_core.measurement_nephrology_hemodialysis,measurement_moment,text,name_pattern_only
amc_core.measurement_nephrology_hemodialysis,meet_time,time,typed_date
amc_core.measurement_nephrology_hemodialysis,meet_date,date,typed_date
amc_core.measurement_nephrology_hemodialysis,dcm_refreshed_date_time,timestamptz,typed_date
amc_core.measurement_nephrology_hemodialysis,issue_dt,timestamptz,typed_date
amc_core.measurement_nephrology_peritoneal_dialysis,measurement_moment,text,name_pattern_only
amc_core.measurement_nephrology_peritoneal_dialysis,meet_time,time,typed_date
amc_core.measurement_nephrology_peritoneal_dialysis,meet_date,date,typed_date
amc_core.measurement_nephrology_peritoneal_dialysis,dcm_refreshed_date_time,timestamptz,typed_date
amc_core.measurement_nephrology_peritoneal_dialysis,issue_dt,timestamptz,typed_date
amc_core.medical_diagnosis,diagnosis_contact_date,date,typed_date
amc_core.medical_diagnosis,diagnosis_registration_moment,timestamptz,typed_date
amc_core.medical_diagnosis,dcm_refreshed_date_time,timestamptz,typed_date
amc_core.medical_diagnosis,issue_dt,timestamptz,typed_date
amc_core.medical_history,registration_date,date,typed_date
amc_core.medical_history,indication_determination_date_raw,text,name_pattern_only
amc_core.medical_history,indication_determination_date,date,typed_date
amc_core.medical_history,dcm_refreshed_date_time,timestamptz,typed_date
amc_core.medical_history,issue_dt,timestamptz,typed_date
amc_core.medication_administration,administration_date_time,timestamptz,typed_date
amc_core.medication_administration,administration_date,date,typed_date
amc_core.medication_administration,administration_time,time,typed_date
amc_core.medication_administration,dcm_refreshed_date_time,timestamptz,typed_date
amc_core.medication_administration,issue_dt,date,typed_date
amc_core.medication_prescription,prescription_date_time,timestamptz,typed_date
amc_core.medication_prescription,prescription_date,date,typed_date
amc_core.medication_prescription,prescription_time,time,typed_date
amc_core.medication_prescription,start_date_time,timestamptz,typed_date
amc_core.medication_prescription,start_date,date,typed_date
amc_core.medication_prescription,start_time,time,typed_date
amc_core.medication_prescription,stop_date_time,timestamptz,typed_date
amc_core.medication_prescription,stop_date,date,typed_date
amc_core.medication_prescription,stop_time,time,typed_date
amc_core.medication_prescription,dcm_refreshed_date_time,timestamptz,typed_date
amc_core.medication_prescription,issue_dt,date,typed_date
amc_core.medication_atc,dcm_refreshed_date_time,timestamptz,typed_date
amc_core.medication_atc,issue_dt,date,typed_date
amc_core.patient_not_traceable,dcm_refreshed_date_time,timestamptz,typed_date
amc_core.patient_not_traceable,issue_dt,timestamptz,typed_date
amc_core.patient_note_contains_sensitive_information,last_changed_date,date,typed_date
amc_core.patient_note_contains_sensitive_information,note_made_on_date,date,typed_date
amc_core.patient_note_contains_sensitive_information,note_made_at_time,time,typed_date
amc_core.patient_note_contains_sensitive_information,dcm_refreshed_date_time,timestamptz,typed_date
amc_core.patient_note_contains_sensitive_information,issue_dt,timestamptz,typed_date
amc_core.patient_questionnaire,reply_date,date,typed_date
amc_core.patient_questionnaire,reply_time,time,typed_date
amc_core.patient_questionnaire,reply_date_time,timestamptz,typed_date
amc_core.patient_questionnaire,dcm_refreshed_date_time,timestamptz,typed_date
amc_core.patient_questionnaire,issue_dt,timestamptz,typed_date
amc_core.patient_social,dcm_refreshed_date_time,timestamptz,typed_date
amc_core.patient_social,issue_dt,date,typed_date
amc_core.problem_list,patient_contact_date,date,typed_date
amc_core.problem_list,patient_contact_date_time,timestamptz,typed_date
amc_core.problem_list,observation_date,date,typed_date
amc_core.problem_list,registration_date,date,typed_date
amc_core.problem_list,close_date,date,typed_date
amc_core.problem_list,dcm_refreshed_date_time,timestamptz,typed_date
amc_core.problem_list,issue_dt,timestamptz,typed_date
amc_core.tobacco_use,registration_date,date,typed_date
amc_core.tobacco_use,start_date,date,typed_date
amc_core.tobacco_use,stop_date,date,typed_date
amc_core.tobacco_use,dcm_refreshed_date_time,timestamptz,typed_date
amc_core.tobacco_use,issue_dt,timestamptz,typed_date
amc_core.surgery_history,registration_date,date,typed_date
amc_core.surgery_history,procedure_start_date,date,typed_date
amc_core.surgery_history,procedure_end_date,date,typed_date
amc_core.surgery_history,dcm_refreshed_date_time,timestamptz,typed_date
amc_core.surgery_history,issue_dt,timestamptz,typed_date
amc_core.ic_procedure_note_icarus,intervention_date_time,timestamptz,typed_date
amc_core.ic_procedure_note_icarus,date_time_authorization,timestamptz,typed_date
amc_core.ic_procedure_note_icarus,dcm_refreshed_date_time,timestamptz,typed_date
amc_core.ic_procedure_note_icarus,issue_dt,timestamptz,typed_date
amc_core.ic_procedure_note_intubation,intervention_date_time,timestamptz,typed_date
amc_core.ic_procedure_note_intubation,dcm_refreshed_date_time,timestamptz,typed_date
amc_core.ic_procedure_note_intubation,issue_dt,timestamptz,typed_date
amc_core.ic_procedure_note_tracheostomy,intervention_date_time,timestamptz,typed_date
amc_core.ic_procedure_note_tracheostomy,dcm_refreshed_date_time,timestamptz,typed_date
amc_core.ic_procedure_note_tracheostomy,issue_dt,timestamptz,typed_date
amc_core.ic_procedure_note_thorax_drain,intervention_date_time,timestamptz,typed_date
amc_core.ic_procedure_note_thorax_drain,start_procedure,timestamptz,typed_date
amc_core.ic_procedure_note_thorax_drain,start_sedation,timestamptz,typed_date
amc_core.ic_procedure_note_thorax_drain,end_sedation,timestamptz,typed_date
amc_core.ic_procedure_note_thorax_drain,dcm_refreshed_date_time,timestamptz,typed_date
amc_core.ic_procedure_note_thorax_drain,issue_dt,timestamptz,typed_date
amc_core.ic_procedure_note_central_venous_catheter,intervention_date_time,timestamptz,typed_date
amc_core.ic_procedure_note_central_venous_catheter,start_procedure,timestamptz,typed_date
amc_core.ic_procedure_note_central_venous_catheter,start_sedation,timestamptz,typed_date
amc_core.ic_procedure_note_central_venous_catheter,end_sedation,timestamptz,typed_date
amc_core.ic_procedure_note_central_venous_catheter,end_procedure,timestamptz,typed_date
amc_core.ic_procedure_note_central_venous_catheter,dcm_refreshed_date_time,timestamptz,typed_date
amc_core.ic_procedure_note_central_venous_catheter,issue_dt,timestamptz,typed_date
amc_core.ic_procedure_note_electric_cardioversion,intervention_date_time,timestamptz,typed_date
amc_core.ic_procedure_note_electric_cardioversion,start_procedure,timestamptz,typed_date
amc_core.ic_procedure_note_electric_cardioversion,start_sedation,timestamptz,typed_date
amc_core.ic_procedure_note_electric_cardioversion,end_sedation,timestamptz,typed_date
amc_core.ic_procedure_note_electric_cardioversion,end_procedure,timestamptz,typed_date
amc_core.ic_procedure_note_electric_cardioversion,dcm_refreshed_date_time,timestamptz,typed_date
amc_core.ic_procedure_note_electric_cardioversion,issue_dt,date,typed_date
amc_core.echo_measurement_heart,examination_date,date,typed_date
amc_core.echo_measurement_heart,end_time_of_examination,time,typed_date
amc_core.echo_measurement_heart,dcm_refreshed_date_time,timestamptz,typed_date
amc_core.echo_measurement_heart,issue_dt,timestamptz,typed_date
amc_core.patient_contact,patient_contact_date,date,typed_date
amc_core.patient_contact,patient_contact_time,time,typed_date
amc_core.patient_contact,patient_contact_date_time,timestamptz,typed_date
amc_core.patient_contact,cancellation_date,date,typed_date
amc_core.patient_contact,dcm_refreshed_date_time,timestamptz,typed_date
amc_core.patient_contact,issue_dt,timestamptz,typed_date
