table_name,column_name,declared_type,min_value,max_value,null_count,total_count,pct_null,Comment,
amc_core.admission_partial_traject,admission_traject_admission_date,date,10/25/15,6/30/25,0,2457377,0,,
amc_core.admission_partial_traject,admission_traject_admission_date_time,timestamptz,2015-10-25 03:00:00+01,2025-07-01 01:59:00+02,0,2457377,0,,
amc_core.admission_partial_traject,admission_traject_discharge_date,date,10/25/15,12/31/99,0,2457377,0,to correct,
amc_core.admission_partial_traject,admission_traject_discharge_date_time,timestamptz,2015-10-25 06:36:00+01,10000-01-01 00:59:00+01,0,2457377,0,,
amc_core.admission_partial_traject,corrected_end_date,date,10/25/15,6/30/25,382,2457377,0.02,,
amc_core.admission_partial_traject,corrected_end_date_time,timestamptz,2015-10-25 06:36:00+01,2025-07-01 01:47:00+02,382,2457377,0.02,,
amc_core.admission_partial_traject,corrected_end_time,time,0:00:00,23:59:00,382,2457377,0.02,,
amc_core.admission_partial_traject,dcm_refreshed_date_time,timestamptz,2025-07-02 12:03:10.04+02,2025-07-02 12:03:10.04+02,0,2457377,0,,
amc_core.admission_partial_traject,end_date,date,10/25/15,12/31/99,0,2457377,0,corrected,check 
amc_core.admission_partial_traject,end_date_time,timestamptz,2015-10-25 06:36:00+01,10000-01-01 00:59:00+01,0,2457377,0,,
amc_core.admission_partial_traject,end_time,time,0:00:00,23:59:00,0,2457377,0,,
amc_core.admission_partial_traject,issue_dt,date,7/2/25,7/2/25,0,2457377,0,,
amc_core.admission_partial_traject,start_date,date,10/25/15,6/30/25,0,2457377,0,,
amc_core.admission_partial_traject,start_date_time,timestamptz,2015-10-25 03:00:00+01,2025-07-01 01:59:00+02,0,2457377,0,,
amc_core.admission_partial_traject,start_time,time,0:00:00,23:59:00,0,2457377,0,,
amc_core.admission_traject,admission_date,date,10/25/15,6/30/25,0,1285526,0,,
amc_core.admission_traject,admission_moment,timestamptz,2015-10-25 03:00:00+01,2025-07-01 01:59:00+02,0,1285526,0,,
amc_core.admission_traject,admission_time,time,0:00:00,23:59:00,0,1285526,0,,
amc_core.admission_traject,dcm_refreshed_date_time,timestamptz,2025-07-02 12:04:59.457+02,2025-07-02 12:04:59.457+02,0,1285526,0,,
amc_core.admission_traject,discharge_date,date,10/25/15,12/31/99,0,1285526,0,to correct,
amc_core.admission_traject,discharge_moment,timestamptz,2015-10-25 06:36:00+01,10000-01-01 00:59:00+01,0,1285526,0,,
amc_core.admission_traject,discharge_time,time,0:00:00,23:59:00,0,1285526,0,,
amc_core.admission_traject,issue_dt,date,7/2/25,7/2/25,0,1285526,0,,
amc_core.adverse_event,course_date,date,1/1/09,6/28/25,0,6439,0,,
amc_core.adverse_event,dcm_refreshed_date_time,timestamptz,2025-07-02 11:35:20.507+02,2025-07-02 11:35:20.507+02,0,6439,0,,
amc_core.adverse_event,issue_dt,timestamptz,2025-07-02 17:12:11.59333+02,2025-07-02 17:12:11.59333+02,0,6439,0,,
amc_core.adverse_event,research_project_start_date,date,9/1/16,3/20/25,0,6439,0,,
amc_core.adverse_event,solution_date,date,4/10/15,6/25/25,2571,6439,39.93,,
amc_core.death_registration,date_transfer_mortuary,date,1/25/02,8/24/08,16712,25392,65.82,to correct,
amc_core.death_registration,dcm_refreshed_date_time,timestamptz,2025-07-02 10:08:00+02,2025-07-02 10:08:00+02,0,25392,0,,
amc_core.death_registration,issue_dt,timestamptz,2025-07-02 15:12:00+02,2025-07-02 15:12:00+02,0,25392,0,,
amc_core.death_registration,measurement_moment,timestamptz,2015-10-24 09:39:00+02,2025-06-30 19:47:00+02,0,25392,0,,
amc_core.death_registration,meet_date,date,10/24/15,6/30/25,0,25392,0,,
amc_core.death_registration,meet_time,time,0:00:00,23:59:00,0,25392,0,,
amc_core.death_registration,time_transfer_mortuary,time,0:00:00,23:59:00,20360,25392,80.18,,
amc_core.ecg_measurement,dcm_refreshed_date_time,timestamptz,2025-07-02 11:37:37.637+02,2025-07-02 11:37:37.637+02,0,1336820,0,,
amc_core.ecg_measurement,ecg_decrease_date,date,1/1/96,7/1/25,0,1336820,0,what do measurement in the past mean? ,
amc_core.ecg_measurement,ecg_decrease_date_time,timestamptz,1996-01-01 10:01:00+01,2025-07-02 00:47:00+02,0,1336820,0,,
amc_core.ecg_measurement,ecg_decrease_time,time,0:00:00,23:59:59,0,1336820,0,,
amc_core.ecg_measurement,issue_dt,timestamptz,2025-07-02 17:12:11.59333+02,2025-07-02 17:12:11.59333+02,0,1336820,0,,
amc_core.ecg_measurement_test_feature,ecg_change_date_time,timestamptz,1899-12-30 00:00:00+00,2025-06-30 22:41:01.55+02,519570,1336820,38.87,,
amc_core.ecg_measurement_test_feature,ecg_decrease_date,date,1/1/96,7/1/25,0,1336820,0,,
amc_core.ecg_measurement_test_feature,ecg_decrease_date_time,timestamptz,1996-01-01 10:01:00+01,2025-07-02 00:47:00+02,0,1336820,0,,
amc_core.ecg_measurement_test_feature,ecg_decrease_time,time,0:00:00,23:59:59,0,1336820,0,,
amc_core.ecg_measurement_test_feature,issue_dt,timestamptz,2025-07-02 17:12:11.59333+02,2025-07-02 17:12:11.59333+02,0,1336820,0,,
amc_core.echo_measurement_heart,dcm_refreshed_date_time,timestamptz,2025-07-02 15:15:00+02,2025-07-02 15:15:00+02,0,219664,0,,
amc_core.echo_measurement_heart,end_time_of_examination,time,3:50:00,14:11:00,219660,219664,100,,
amc_core.echo_measurement_heart,examination_date,date,1/25/91,1/22/25,0,219664,0,,
amc_core.echo_measurement_heart,issue_dt,timestamptz,2025-07-02 15:12:00+02,2025-07-02 15:12:00+02,0,219664,0,,
amc_core.family_history,dcm_refreshed_date_time,timestamptz,2025-07-03 10:15:51.26+02,2025-07-03 10:15:51.26+02,0,553270,0,,
amc_core.family_history,issue_dt,timestamptz,2025-07-03 11:25:08.87+02,2025-07-03 11:25:08.87+02,0,553270,0,,
amc_core.family_history,registration_date,date,10/10/15,7/2/25,0,553270,0,,
amc_core.ic_procedure_note_bronchoscopy,dcm_refreshed_date_time,timestamptz,2025-07-02 11:40:06.38+02,2025-07-02 11:40:06.38+02,0,3601,0,,
amc_core.ic_procedure_note_bronchoscopy,intervention_date_time,timestamptz,2015-12-31 02:52:12+01,2025-07-01 00:30:28+02,0,3601,0,,
amc_core.ic_procedure_note_bronchoscopy,issue_dt,timestamptz,2025-07-02 17:12:11.59333+02,2025-07-02 17:12:11.59333+02,0,3601,0,,
amc_core.ic_procedure_note_central_venous_catheter,dcm_refreshed_date_time,timestamptz,2025-07-02 11:40:06.327+02,2025-07-02 11:40:06.327+02,0,10090,0,,
amc_core.ic_procedure_note_central_venous_catheter,end_procedure,timestamptz,2016-03-14 13:35:00+01,2109-05-08 22:00:00+02,1778,10090,17.62,end procedure ongoing? Correct,
amc_core.ic_procedure_note_central_venous_catheter,end_sedation,timestamptz,2016-03-20 18:32:00+01,2025-06-22 16:27:00+02,9664,10090,95.78,,
amc_core.ic_procedure_note_central_venous_catheter,intervention_date_time,timestamptz,2016-03-13 17:53:23+01,2025-06-30 20:00:29+02,0,10090,0,,
amc_core.ic_procedure_note_central_venous_catheter,issue_dt,timestamptz,2025-07-02 17:12:11.59333+02,2025-07-02 17:12:11.59333+02,0,10090,0,,
amc_core.ic_procedure_note_central_venous_catheter,start_procedure,timestamptz,2016-03-13 13:00:00+01,2025-06-30 20:00:00+02,420,10090,4.16,,
amc_core.ic_procedure_note_central_venous_catheter,start_sedation,timestamptz,2016-03-14 11:00:00+01,2025-06-22 16:27:00+02,9286,10090,92.03,,
amc_core.ic_procedure_note_electric_cardioversion,dcm_refreshed_date_time,timestamptz,2025-07-02 11:40:06.3+02,2025-07-02 11:40:06.3+02,0,401,0,,
amc_core.ic_procedure_note_electric_cardioversion,end_procedure,timestamptz,2018-02-03 13:13:00+01,2025-06-23 14:36:00+02,63,401,15.71,,
amc_core.ic_procedure_note_electric_cardioversion,end_sedation,timestamptz,2018-02-04 19:20:00+01,2025-06-02 18:23:00+02,307,401,76.56,,
amc_core.ic_procedure_note_electric_cardioversion,intervention_date_time,timestamptz,2018-02-03 01:27:51+01,2025-06-23 14:23:26+02,0,401,0,,
amc_core.ic_procedure_note_electric_cardioversion,issue_dt,date,7/2/25,7/2/25,0,401,0,,
amc_core.ic_procedure_note_electric_cardioversion,start_procedure,timestamptz,2018-02-03 01:27:00+01,2025-06-23 14:24:00+02,12,401,2.99,,
amc_core.ic_procedure_note_electric_cardioversion,start_sedation,timestamptz,2018-02-03 13:10:00+01,2025-06-02 18:17:00+02,248,401,61.85,,
amc_core.ic_procedure_note_icarus,date_time_authorization,timestamptz,2016-03-22 16:51:00+01,2025-06-25 19:28:00+02,879,3346,26.27,,
amc_core.ic_procedure_note_icarus,dcm_refreshed_date_time,timestamptz,2025-07-02 11:40:07.427+02,2025-07-02 11:40:07.427+02,0,3346,0,,
amc_core.ic_procedure_note_icarus,intervention_date_time,timestamptz,2016-03-14 12:47:42+01,2025-06-27 17:03:53+02,0,3346,0,,
amc_core.ic_procedure_note_icarus,issue_dt,timestamptz,2025-07-02 17:12:11.59333+02,2025-07-02 17:12:11.59333+02,0,3346,0,,
amc_core.ic_procedure_note_intubation,dcm_refreshed_date_time,timestamptz,2025-07-02 11:40:10.79+02,2025-07-02 11:40:10.79+02,0,4618,0,,
amc_core.ic_procedure_note_intubation,intervention_date_time,timestamptz,2015-11-25 16:44:08+01,2025-06-29 19:26:32+02,0,4618,0,,
amc_core.ic_procedure_note_intubation,issue_dt,timestamptz,2025-07-02 17:12:11.59333+02,2025-07-02 17:12:11.59333+02,0,4618,0,,
amc_core.ic_procedure_note_thorax_drain,dcm_refreshed_date_time,timestamptz,2025-07-02 11:40:10.903+02,2025-07-02 11:40:10.903+02,0,1073,0,,
amc_core.ic_procedure_note_thorax_drain,end_sedation,timestamptz,2016-01-10 20:33:00+01,2025-02-12 21:28:00+01,978,1073,91.15,,
amc_core.ic_procedure_note_thorax_drain,intervention_date_time,timestamptz,2015-11-29 01:17:22+01,2025-06-28 22:08:49+02,0,1073,0,,
amc_core.ic_procedure_note_thorax_drain,issue_dt,timestamptz,2025-07-02 17:12:11.59333+02,2025-07-02 17:12:11.59333+02,0,1073,0,,
amc_core.ic_procedure_note_thorax_drain,start_procedure,timestamptz,2015-12-22 14:50:00+01,2025-06-28 22:08:00+02,55,1073,5.13,,
amc_core.ic_procedure_note_thorax_drain,start_sedation,timestamptz,2016-01-10 20:33:00+01,2025-05-02 19:21:00+02,918,1073,85.55,,
amc_core.ic_procedure_note_tracheostomy,dcm_refreshed_date_time,timestamptz,2025-07-02 11:40:10.75+02,2025-07-02 11:40:10.75+02,0,823,0,,
amc_core.ic_procedure_note_tracheostomy,intervention_date_time,timestamptz,2015-12-12 14:38:44+01,2025-06-17 16:51:14+02,0,823,0,,
amc_core.ic_procedure_note_tracheostomy,issue_dt,timestamptz,2025-07-02 17:12:11.59333+02,2025-07-02 17:12:11.59333+02,0,823,0,,
amc_core.imaging_study_order,dcm_refreshed_date_time,timestamptz,2025-07-02 11:35:41.077+02,2025-07-02 11:35:41.077+02,0,9815862,0,,
amc_core.imaging_study_order,end_date,date,1/18/17,6/30/25,1585122,9815862,16.15,what do past dates mean?,
amc_core.imaging_study_order,end_moment,timestamptz,1917-01-18 10:30:01+01,2025-07-01 01:31:54+02,1585122,9815862,16.15,,
amc_core.imaging_study_order,end_time,time,0:00:00,23:59:59,1585122,9815862,16.15,,
amc_core.imaging_study_order,final_report_date_time,timestamptz,1962-12-31 13:00:00+01,2025-07-01 01:30:43+02,1282873,9815862,13.07,,
amc_core.imaging_study_order,issue_dt,timestamptz,2025-07-02 17:12:11.59333+02,2025-07-02 17:12:11.59333+02,0,9815862,0,,
amc_core.imaging_study_order,start_date,date,1/1/00,12/4/25,4571786,9815862,46.58,,
amc_core.imaging_study_order,start_moment,timestamptz,1900-01-01 00:00:00+00,2025-12-04 01:00:00+01,4571786,9815862,46.58,,
amc_core.imaging_study_order,start_time,time,0:00:00,23:59:59,4571786,9815862,46.58,,
amc_core.lab_result,dcm_refreshed_date_time,timestamptz,2026-04-07 09:32:01.2+02,2026-04-07 09:32:01.2+02,0,167752860,0,,
amc_core.lab_result,issue_dt,timestamptz,2026-04-07 12:33:38.67+02,2026-04-07 12:33:38.67+02,0,167752860,0,,
amc_core.lab_result,material_decrease_date,date,1/26/00,4/5/26,142,167752860,0,,
amc_core.lab_result,material_decrease_date_time,timestamptz,1900-01-26 00:00:00+00,2026-04-05 02:33:43+02,142,167752860,0,,
amc_core.lab_result,material_decrease_time,time,0:00:00,23:59:59,0,167752860,0,,
amc_core.lab_result,result_date,date,1/26/00,4/5/26,435037,167752860,0.26,,
amc_core.lab_result,result_date_time,timestamptz,1900-01-26 00:00:00+00,2026-04-05 02:46:37+02,435037,167752860,0.26,,
amc_core.lab_result,result_time,time,0:00:00,23:59:59,435021,167752860,0.26,,
amc_core.measurement_blood_pressure,dcm_refreshed_date_time,timestamptz,2025-07-02 13:29:12.277+02,2025-07-02 13:29:12.277+02,0,29502787,0,,
amc_core.measurement_blood_pressure,issue_dt,timestamptz,2025-07-02 17:12:11.59333+02,2025-07-02 17:12:11.59333+02,0,29502787,0,,
amc_core.measurement_blood_pressure,measurement_moment,text,1996-03-05T00:00:00Z,2025-07-01T00:04:00Z,0,29502787,0,,
amc_core.measurement_blood_pressure,meet_date,date,3/5/96,7/1/25,0,29502787,0,,
amc_core.measurement_blood_pressure,meet_time,time,0:00:00,23:59:59,0,29502787,0,,
amc_core.measurement_blood_pressure_average,dcm_refreshed_date_time,timestamptz,2025-07-02 13:29:13.617+02,2025-07-02 13:29:13.617+02,0,25406959,0,,
amc_core.measurement_blood_pressure_average,issue_dt,timestamptz,2025-07-02 17:12:11.59333+02,2025-07-02 17:12:11.59333+02,0,25406959,0,,
amc_core.measurement_blood_pressure_average,measurement_moment,text,1998-11-25T00:00:00Z,2025-06-27T00:02:43Z,0,25406959,0,,
amc_core.measurement_blood_pressure_average,meet_date,date,11/25/98,6/27/25,0,25406959,0,,
amc_core.measurement_blood_pressure_average,meet_time,time,0:00:00,23:59:59,0,25406959,0,,
amc_core.measurement_bmi,dcm_refreshed_date_time,timestamptz,2025-07-02 11:40:43.04+02,2025-07-02 11:40:43.04+02,0,3211052,0,,
amc_core.measurement_bmi,issue_dt,timestamptz,2025-07-02 17:12:11.59333+02,2025-07-02 17:12:11.59333+02,0,3211052,0,,
amc_core.measurement_bmi,measurement_moment,text,1972-10-10T17:09:00Z,2025-06-30T21:46:00Z,0,3211052,0,,
amc_core.measurement_bmi,meet_date,date,10/10/72,6/30/25,0,3211052,0,,
amc_core.measurement_bmi,meet_time,time,0:00:00,23:59:56,0,3211052,0,,
amc_core.measurement_chadsvasc_score,dcm_refreshed_date_time,timestamptz,2025-07-02 11:41:39.923+02,2025-07-02 11:41:39.923+02,0,909,0,,
amc_core.measurement_chadsvasc_score,issue_dt,timestamptz,2025-07-02 17:12:11.59333+02,2025-07-02 17:12:11.59333+02,0,909,0,,
amc_core.measurement_chadsvasc_score,measurement_moment,text,2015-11-30T11:45:00Z,2025-06-26T13:00:00Z,0,909,0,,
amc_core.measurement_chadsvasc_score,meet_date,date,11/30/15,6/26/25,0,909,0,,
amc_core.measurement_chadsvasc_score,meet_time,time,0:00:00,23:59:00,0,909,0,,
amc_core.measurement_diurese,dcm_refreshed_date_time,timestamptz,2025-07-02 11:44:37.41+02,2025-07-02 11:44:37.41+02,0,2577768,0,,
amc_core.measurement_diurese,issue_dt,date,7/2/25,7/2/25,0,2577768,0,,
amc_core.measurement_diurese,measurement_moment,text,2015-10-23T23:59:00Z,2025-06-27T00:00:00Z,0,2577768,0,,
amc_core.measurement_diurese,meet_date,date,10/23/15,6/27/25,0,2577768,0,,
amc_core.measurement_diurese,meet_time,time,0:00:00,23:59:41,0,2577768,0,,
amc_core.measurement_doss_score,dcm_refreshed_date_time,timestamptz,2025-07-02 11:44:47.203+02,2025-07-02 11:44:47.203+02,0,381330,0,,
amc_core.measurement_doss_score,issue_dt,timestamptz,2025-07-02 17:12:11.59333+02,2025-07-02 17:12:11.59333+02,0,381330,0,,
amc_core.measurement_doss_score,measurement_moment,text,2015-10-21T14:11:00Z,2025-06-30T23:52:00Z,0,381330,0,,
amc_core.measurement_doss_score,meet_date,date,10/21/15,6/30/25,0,381330,0,,
amc_core.measurement_doss_score,meet_time,time,0:00:00,23:59:00,0,381330,0,,
amc_core.measurement_fluid_assessment_diuresis,dcm_refreshed_date_time,timestamptz,2025-07-02 11:49:37.69+02,2025-07-02 11:49:37.69+02,0,224327,0,,
amc_core.measurement_fluid_assessment_diuresis,issue_dt,timestamptz,2025-07-02 17:12:11.59333+02,2025-07-02 17:12:11.59333+02,0,224327,0,,
amc_core.measurement_fluid_assessment_diuresis,measurement_moment,text,2015-10-24T16:00:00Z,2025-06-30T23:58:00Z,0,224327,0,,
amc_core.measurement_fluid_assessment_diuresis,meet_date,date,10/24/15,6/30/25,0,224327,0,,
amc_core.measurement_fluid_assessment_diuresis,meet_time,time,0:00:00,23:59:00,0,224327,0,,
amc_core.measurement_fluid_balance_assessment_emesis,dcm_refreshed_date_time,timestamptz,2025-07-02 11:49:49.503+02,2025-07-02 11:49:49.503+02,0,13688,0,,
amc_core.measurement_fluid_balance_assessment_emesis,issue_dt,timestamptz,2025-07-02 17:12:11.59333+02,2025-07-02 17:12:11.59333+02,0,13688,0,,
amc_core.measurement_fluid_balance_assessment_emesis,measurement_moment,text,2015-10-25T09:00:00Z,2025-06-30T07:00:00Z,0,13688,0,,
amc_core.measurement_fluid_balance_assessment_emesis,meet_date,date,10/25/15,6/30/25,0,13688,0,,
amc_core.measurement_fluid_balance_assessment_emesis,meet_time,time,0:00:00,23:59:00,0,13688,0,,
amc_core.measurement_fluid_balance_assessment_feces,dcm_refreshed_date_time,timestamptz,2025-07-02 11:49:49.383+02,2025-07-02 11:49:49.383+02,0,294147,0,,
amc_core.measurement_fluid_balance_assessment_feces,issue_dt,timestamptz,2025-07-02 17:12:11.59333+02,2025-07-02 17:12:11.59333+02,0,294147,0,,
amc_core.measurement_fluid_balance_assessment_feces,measurement_moment,text,2015-10-24T19:00:00Z,2025-06-30T22:12:00Z,0,294147,0,,
amc_core.measurement_fluid_balance_assessment_feces,meet_date,date,10/24/15,6/30/25,0,294147,0,,
amc_core.measurement_fluid_balance_assessment_feces,meet_time,time,0:00:00,23:59:00,0,294147,0,,
amc_core.measurement_fluid_balance_out,dcm_refreshed_date_time,timestamptz,2025-07-02 11:50:13.257+02,2025-07-02 11:50:13.257+02,0,7246022,0,,
amc_core.measurement_fluid_balance_out,issue_dt,timestamptz,2025-07-02 17:12:11.59333+02,2025-07-02 17:12:11.59333+02,0,7246022,0,,
amc_core.measurement_fluid_balance_out,measurement_moment,text,1952-09-17T12:47:00Z,2025-06-27T00:00:00Z,0,7246022,0,,
amc_core.measurement_fluid_balance_out,meet_date,date,9/17/52,6/27/25,0,7246022,0,,
amc_core.measurement_fluid_balance_out,meet_time,time,0:00:00,23:59:41,0,7246022,0,,
amc_core.measurement_fluid_balance_stomach_retention,dcm_refreshed_date_time,timestamptz,2025-07-02 11:50:00.483+02,2025-07-02 11:50:00.483+02,0,267128,0,,
amc_core.measurement_fluid_balance_stomach_retention,issue_dt,date,7/2/25,7/2/25,0,267128,0,,
amc_core.measurement_fluid_balance_stomach_retention,measurement_moment,text,2015-10-25T18:00:00Z,2025-06-30T23:30:00Z,0,267128,0,,
amc_core.measurement_fluid_balance_stomach_retention,meet_date,date,10/25/15,6/30/25,0,267128,0,,
amc_core.measurement_fluid_balance_stomach_retention,meet_time,time,0:00:00,23:59:00,0,267128,0,,
amc_core.measurement_fluid_in,dcm_refreshed_date_time,timestamptz,2025-07-02 11:49:51.8+02,2025-07-02 11:49:51.8+02,0,20272601,0,,
amc_core.measurement_fluid_in,issue_dt,timestamptz,2025-07-02 17:12:11.59333+02,2025-07-02 17:12:11.59333+02,0,20272601,0,,
amc_core.measurement_fluid_in,measurement_moment,text,2015-10-23T23:59:00Z,2025-06-27T00:00:00Z,0,20272601,0,,
amc_core.measurement_fluid_in,meet_date,date,10/23/15,6/27/25,0,20272601,0,,
amc_core.measurement_fluid_in,meet_time,time,0:00:00,23:59:52,0,20272601,0,,
amc_core.measurement_heart_frequency,dcm_refreshed_date_time,timestamptz,2025-07-02 11:47:05.993+02,2025-07-02 11:47:05.993+02,0,63874837,0,,
amc_core.measurement_heart_frequency,issue_dt,timestamptz,2025-07-02 17:12:11.59333+02,2025-07-02 17:12:11.59333+02,0,63874837,0,,
amc_core.measurement_heart_frequency,measurement_moment,text,1947-01-16T00:00:00Z,2025-06-27T00:02:43Z,0,63874837,0,,
amc_core.measurement_heart_frequency,meet_date,date,1/16/47,6/27/25,0,63874837,0,,
amc_core.measurement_heart_frequency,meet_time,time,0:00:00,23:59:59,0,63874837,0,,
amc_core.measurement_height,dcm_refreshed_date_time,timestamptz,2025-07-02 11:55:55.763+02,2025-07-02 11:55:55.763+02,0,1049916,0,,
amc_core.measurement_height,issue_dt,timestamptz,2025-07-02 17:12:11.59333+02,2025-07-02 17:12:11.59333+02,0,1049916,0,,
amc_core.measurement_height,measurement_moment,text,1972-10-10T17:09:00Z,2025-06-30T21:46:00Z,0,1049916,0,,
amc_core.measurement_height,meet_date,date,10/10/72,6/30/25,0,1049916,0,,
amc_core.measurement_height,meet_time,time,0:00:00,23:59:28,0,1049916,0,,
amc_core.measurement_nephrology_cntv_medication,dcm_refreshed_date_time,timestamptz,2025-07-02 11:57:45.23+02,2025-07-02 11:57:45.23+02,0,68887,0,,
amc_core.measurement_nephrology_cntv_medication,issue_dt,timestamptz,2025-07-02 17:12:11.59333+02,2025-07-02 17:12:11.59333+02,0,68887,0,,
amc_core.measurement_nephrology_cntv_medication,measurement_moment,text,2021-03-22T11:00:00Z,2025-07-01T00:00:00Z,0,68887,0,,
amc_core.measurement_nephrology_cntv_medication,meet_date,date,3/22/21,7/1/25,0,68887,0,,
amc_core.measurement_nephrology_cntv_medication,meet_time,time,0:00:00,23:59:00,0,68887,0,,
amc_core.measurement_nephrology_cnvt_settings,dcm_refreshed_date_time,timestamptz,2025-07-02 11:57:25.067+02,2025-07-02 11:57:25.067+02,0,226444,0,,
amc_core.measurement_nephrology_cnvt_settings,issue_dt,timestamptz,2025-07-02 17:12:11.59333+02,2025-07-02 17:12:11.59333+02,0,226444,0,,
amc_core.measurement_nephrology_cnvt_settings,measurement_moment,text,2015-10-25T09:00:00Z,2025-07-01T00:00:00Z,0,226444,0,,
amc_core.measurement_nephrology_cnvt_settings,meet_date,date,10/25/15,7/1/25,0,226444,0,,
amc_core.measurement_nephrology_cnvt_settings,meet_time,time,0:00:00,23:59:00,0,226444,0,,
amc_core.measurement_nephrology_hemodialysis,dcm_refreshed_date_time,timestamptz,2025-07-02 11:58:07.44+02,2025-07-02 11:58:07.44+02,0,17760,0,,
amc_core.measurement_nephrology_hemodialysis,issue_dt,timestamptz,2025-07-02 17:12:11.59333+02,2025-07-02 17:12:11.59333+02,0,17760,0,,
amc_core.measurement_nephrology_hemodialysis,measurement_moment,text,2015-10-25T14:00:00Z,2025-06-30T18:42:00Z,0,17760,0,,
amc_core.measurement_nephrology_hemodialysis,meet_date,date,10/25/15,6/30/25,0,17760,0,,
amc_core.measurement_nephrology_hemodialysis,meet_time,time,0:00:00,23:59:00,0,17760,0,,
amc_core.measurement_nephrology_peritoneal_dialysis,dcm_refreshed_date_time,timestamptz,2025-07-02 11:58:14.37+02,2025-07-02 11:58:14.37+02,0,1458,0,,
amc_core.measurement_nephrology_peritoneal_dialysis,issue_dt,timestamptz,2025-07-02 17:12:11.59333+02,2025-07-02 17:12:11.59333+02,0,1458,0,,
amc_core.measurement_nephrology_peritoneal_dialysis,measurement_moment,text,2015-11-01T00:00:00Z,2025-05-30T08:30:00Z,0,1458,0,,
amc_core.measurement_nephrology_peritoneal_dialysis,meet_date,date,11/1/15,5/30/25,0,1458,0,,
amc_core.measurement_nephrology_peritoneal_dialysis,meet_time,time,0:00:00,23:59:00,0,1458,0,,
amc_core.measurement_o2_saturation,dcm_refreshed_date_time,timestamptz,2025-07-02 11:58:56.853+02,2025-07-02 11:58:56.853+02,0,38563783,0,,
amc_core.measurement_o2_saturation,issue_dt,timestamptz,2025-07-02 17:12:11.59333+02,2025-07-02 17:12:11.59333+02,0,38563783,0,,
amc_core.measurement_o2_saturation,measurement_moment,text,2005-12-28T14:13:00Z,2025-06-27T00:02:43Z,0,38563783,0,,
amc_core.measurement_o2_saturation,meet_date,date,12/28/05,6/27/25,0,38563783,0,,
amc_core.measurement_o2_saturation,meet_time,time,0:00:00,23:59:59,0,38563783,0,,
amc_core.measurement_snaq_score,dcm_refreshed_date_time,timestamptz,2025-07-02 11:48:55.54+02,2025-07-02 11:48:55.54+02,0,339567,0,,
amc_core.measurement_snaq_score,issue_dt,timestamptz,2025-07-02 17:12:11.59333+02,2025-07-02 17:12:11.59333+02,0,339567,0,,
amc_core.measurement_snaq_score,measurement_moment,text,2015-10-21T14:11:00Z,2025-06-30T23:52:00Z,0,339567,0,,
amc_core.measurement_snaq_score,meet_date,date,10/21/15,6/30/25,0,339567,0,,
amc_core.measurement_snaq_score,meet_time,time,0:00:00,23:59:00,0,339567,0,,
amc_core.measurement_vital_signs_data,dcm_refreshed_date_time,timestamptz,2025-07-02 11:49:29.273+02,2025-07-02 11:49:29.273+02,0,10300806,0,,
amc_core.measurement_vital_signs_data,issue_dt,timestamptz,2025-07-02 17:12:11.59333+02,2025-07-02 17:12:11.59333+02,0,10300806,0,,
amc_core.measurement_vital_signs_data,measurement_moment,timestamptz,1947-01-16 01:00:00+01,2025-07-01 02:00:00+02,0,10300806,0,,
amc_core.measurement_vital_signs_data,meet_date,date,1/16/47,7/1/25,0,10300806,0,,
amc_core.measurement_vital_signs_data,meet_time,time,0:00:00,23:59:59,0,10300806,0,,
amc_core.measurement_weight,dcm_refreshed_date_time,timestamptz,2025-07-02 11:55:48.22+02,2025-07-02 11:55:48.22+02,0,1962177,0,,
amc_core.measurement_weight,issue_dt,timestamptz,2025-07-02 17:12:11.59333+02,2025-07-02 17:12:11.59333+02,0,1962177,0,,
amc_core.measurement_weight,measurement_moment,text,1972-10-10T17:09:00Z,2025-06-30T21:46:00Z,0,1962177,0,,
amc_core.measurement_weight,meet_date,date,10/10/72,6/30/25,0,1962177,0,,
amc_core.measurement_weight,meet_time,time,0:00:00,23:59:56,0,1962177,0,,
amc_core.medical_diagnosis,dcm_refreshed_date_time,timestamptz,2025-07-02 13:18:44.56+02,2025-07-02 13:18:44.56+02,0,14389790,0,,
amc_core.medical_diagnosis,diagnosis_contact_date,date,1/1/74,6/27/25,1420,14389790,0.01,,
amc_core.medical_diagnosis,diagnosis_registration_moment,timestamptz,1974-01-01 01:00:00+01,2025-06-27 02:00:00+02,1420,14389790,0.01,,
amc_core.medical_diagnosis,issue_dt,timestamptz,2025-07-02 17:12:11.59333+02,2025-07-02 17:12:11.59333+02,0,14389790,0,,
amc_core.medical_history,dcm_refreshed_date_time,timestamptz,2025-07-03 10:16:12.257+02,2025-07-03 10:16:12.257+02,0,2148742,0,,
amc_core.medical_history,indication_determination_date,date,1/1/03,2/18/19,2148675,2148742,100,,
amc_core.medical_history,indication_determination_date_raw,text,?,Zwelling melkklieren,857280,2148742,39.9,,
amc_core.medical_history,issue_dt,timestamptz,2025-07-03 11:25:47.92666+02,2025-07-03 11:25:47.92666+02,0,2148742,0,,
amc_core.medical_history,registration_date,date,10/6/15,7/1/25,0,2148742,0,,
amc_core.medication_administration,administration_date,date,10/12/15,7/27/04,0,62470437,0,to correct,
amc_core.medication_administration,administration_date_time,timestamptz,2015-10-12 22:00:00+02,2404-07-27 15:45:00+02,0,62470437,0,,
amc_core.medication_administration,administration_time,time,0:00:00,23:59:59,0,62470437,0,,
amc_core.medication_administration,dcm_refreshed_date_time,timestamptz,2025-07-02 13:08:16.39+02,2025-07-02 13:08:16.39+02,0,62470437,0,,
amc_core.medication_administration,issue_dt,date,7/2/25,7/2/25,0,62470437,0,,
amc_core.medication_atc,dcm_refreshed_date_time,timestamptz,2025-07-02 13:05:59.01+02,2025-07-02 13:05:59.01+02,0,7145,0,,
amc_core.medication_atc,issue_dt,date,7/2/25,7/2/25,0,7145,0,,
amc_core.medication_prescription,corrected_stop_date,date,1840-12-31,12/31/26,2515453,22697063,11.08,to check,
amc_core.medication_prescription,corrected_stop_date_time,timestamptz,1840-12-31 00:37:02+00:17:30,2027-01-01 00:59:00+01,2515453,22697063,11.08,,
amc_core.medication_prescription,corrected_stop_time,time,0:00:00,23:59:59,2515453,22697063,11.08,,
amc_core.medication_prescription,dcm_refreshed_date_time,timestamptz,2025-07-02 13:14:43.443+02,2025-07-02 13:14:43.443+02,0,22697063,0,,
amc_core.medication_prescription,issue_dt,date,7/2/25,7/2/25,0,22697063,0,,
amc_core.medication_prescription,prescription_date,date,5/24/04,7/1/25,0,22697063,0,,
amc_core.medication_prescription,prescription_date_time,timestamptz,2004-05-24 13:51:00+02,2025-07-01 02:03:27+02,0,22697063,0,,
amc_core.medication_prescription,prescription_time,time,0:00:00,23:59:59,2017428,22697063,8.89,,
amc_core.medication_prescription,start_date,date,1840-12-31,10/28/58,1458202,22697063,6.42,past dates?,
amc_core.medication_prescription,start_date_time,timestamptz,1840-12-31 00:17:30+00:17:30,2058-10-28 01:00:00+01,1458202,22697063,6.42,future dates can be corrected,
amc_core.medication_prescription,start_time,time,0:00:00,23:59:59,1458202,22697063,6.42,,
amc_core.medication_prescription,stop_date,date,1840-12-31,7/19/94,2514871,22697063,11.08,,
amc_core.medication_prescription,stop_date_time,timestamptz,1840-12-31 00:37:02+00:17:30,2294-07-20 01:59:00+02,2514871,22697063,11.08,,
amc_core.medication_prescription,stop_time,time,0:00:00,23:59:59,2514871,22697063,11.08,,
amc_core.ok_procedure_performed,dcm_refreshed_date_time,timestamptz,2025-07-02 11:53:26.98+02,2025-07-02 11:53:26.98+02,0,512451,0,,
amc_core.ok_procedure_performed,intervention_executed_date,date,10/25/15,7/7/25,0,512451,0,,
amc_core.ok_procedure_performed,issue_dt,timestamptz,2025-07-02 17:12:11.59333+02,2025-07-02 17:12:11.59333+02,0,512451,0,,
amc_core.ok_procedure_performed,session_start_date,date,10/25/15,6/30/25,8353,512451,1.63,,
amc_core.ok_procedure_performed,session_start_date_time,timestamptz,2015-10-25 10:45:00+01,2025-07-01 01:47:19+02,51793,512451,10.11,,
amc_core.ok_procedure_planned,dcm_refreshed_date_time,timestamptz,2025-07-02 11:53:39.013+02,2025-07-02 11:53:39.013+02,0,558195,0,,
amc_core.ok_procedure_planned,issue_dt,timestamptz,2025-07-02 17:12:11.59333+02,2025-07-02 17:12:11.59333+02,0,558195,0,,
amc_core.ok_procedure_planned,session_planned_start_date,date,10/22/15,12/24/25,105814,558195,18.96,,
amc_core.patient_appointment,appointment_date,date,1/1/00,11/28/30,0,19497222,0,,
amc_core.patient_appointment,appointment_end_moment,timestamptz,1900-01-01 00:00:00+00,2025-07-01 21:43:22+02,0,19497222,0,,
amc_core.patient_appointment,appointment_made_at_date_time,timestamptz,2015-08-18 18:47:48+02,2025-07-01 01:31:20+02,0,19497222,0,,
amc_core.patient_appointment,appointment_start_moment,timestamptz,1900-01-01 00:00:00+00,2030-11-28 11:30:00+01,0,19497222,0,to correct,
amc_core.patient_appointment,appointment_time,time,0:00:00,23:55:00,0,19497222,0,,
amc_core.patient_appointment,dcm_refreshed_date_time,timestamptz,2025-07-02 12:08:41.01+02,2025-07-02 12:08:41.01+02,0,19497222,0,,
amc_core.patient_appointment,issue_dt,timestamptz,2025-07-02 17:12:11.59333+02,2025-07-02 17:12:11.59333+02,0,19497222,0,,
amc_core.patient_appointment,order_date,date,1/1/00,6/30/25,0,19497222,0,,
amc_core.patient_appointment,order_time,time,0:00:00,23:59:59,3477853,19497222,17.84,,
amc_core.patient_appointment_line,appointment_date,date,1/1/00,9/20/45,0,21914535,0,,
amc_core.patient_appointment_line,appointment_end_moment,timestamptz,1900-01-01 00:00:00+00,2025-07-01 21:43:22+02,0,21914535,0,,
amc_core.patient_appointment_line,appointment_made_at_date_time,timestamptz,2015-08-18 18:47:48+02,2025-07-01 01:31:20+02,0,21914535,0,,
amc_core.patient_appointment_line,appointment_start_moment,timestamptz,1900-01-01 00:00:00+00,2045-09-20 12:30:00+02,0,21914535,0,to correct,
amc_core.patient_appointment_line,appointment_time,time,0:00:00,23:55:00,0,21914535,0,,
amc_core.patient_appointment_line,dcm_refreshed_date_time,timestamptz,2025-07-02 12:32:46.693+02,2025-07-02 12:32:46.693+02,0,21914535,0,,
amc_core.patient_appointment_line,issue_dt,timestamptz,2025-07-02 17:12:11.59333+02,2025-07-02 17:12:11.59333+02,0,21914535,0,,
amc_core.patient_appointment_line,order_date,date,1/1/00,6/30/25,0,21914535,0,,
amc_core.patient_appointment_line,order_time,time,0:00:00,23:59:59,3666854,21914535,16.73,,
amc_core.patient_contact,abnormal_date,int,0,1,0,64304378,0,,
amc_core.patient_contact,cancellation_date,date,8/18/15,4/4/26,59643970,64304378,92.75,,
amc_core.patient_contact,dcm_refreshed_date_time,timestamptz,2026-04-07 09:45:48.693+02,2026-04-07 09:45:48.693+02,0,64304378,0,,
amc_core.patient_contact,issue_dt,timestamptz,2026-04-07 13:55:30.13666+02,2026-04-07 13:55:30.13666+02,0,64304378,0,,
amc_core.patient_contact,patient_contact_date,date,1899-01-01,8/28/05,360284,64304378,0.56,how to correct?,
amc_core.patient_contact,patient_contact_date_time,timestamptz,1899-01-01 00:00:00+00,2105-08-28 02:00:00+02,360284,64304378,0.56,,
amc_core.patient_contact,patient_contact_time,time,0:00:00,23:59:59,360284,64304378,0.56,,
amc_core.patient_note_contains_sensitive_information,dcm_refreshed_date_time,timestamptz,2025-07-02 20:27:06.807+02,2025-07-02 20:27:06.807+02,0,58533749,0,,
amc_core.patient_note_contains_sensitive_information,issue_dt,timestamptz,2025-07-02 17:12:11.59333+02,2025-07-02 17:12:11.59333+02,0,58533749,0,,
amc_core.patient_note_contains_sensitive_information,last_changed_date,date,1/1/00,6/30/25,0,58533749,0,,
amc_core.patient_note_contains_sensitive_information,note_made_at_time,time,0:00:00,23:59:59,57831576,58533749,98.8,,
amc_core.patient_note_contains_sensitive_information,note_made_on_date,date,10/24/15,6/30/25,57831576,58533749,98.8,,
amc_core.patient_note_patient_contact,dcm_refreshed_date_time,timestamptz,2025-07-02 12:36:53.253+02,2025-07-02 12:36:53.253+02,0,92547925,0,,
amc_core.patient_note_patient_contact,entry_instant_dttm,timestamptz,2008-06-24 14:23:12+02,2025-07-01 00:03:51+02,25032805,92547925,27.05,,
amc_core.patient_note_patient_contact,issue_dt,timestamptz,2025-07-02 17:12:11.59333+02,2025-07-02 17:12:11.59333+02,0,92547925,0,,
amc_core.patient_note_patient_contact,note_file_time_dttm,timestamptz,2008-06-24 14:23:12+02,2025-07-01 00:03:51+02,41193012,92547925,44.51,,
amc_core.patient_note_patient_contact,note_made_at_date_time,timestamptz,1900-01-01 00:00:00+00,2058-05-25 00:59:59+02,0,92547925,0,unreliable,
amc_core.patient_note_patient_contact,note_made_at_time,time,0:00:00,23:59:59,41193012,92547925,44.51,,
amc_core.patient_note_patient_contact,note_made_on_date,date,1/1/00,5/24/58,0,92547925,0,unreliable,
amc_core.patient_note_patient_contact,patient_contact_date_time,timestamptz,1900-01-01 00:00:00+00,2097-09-08 02:00:00+02,0,92547925,0,unreliable,
amc_core.patient_not_traceable,dcm_refreshed_date_time,timestamptz,2025-07-02 12:08:36.633+02,2025-07-02 12:08:36.633+02,0,1271212,0,,
amc_core.patient_not_traceable,issue_dt,timestamptz,2025-07-02 17:12:11.59333+02,2025-07-02 17:12:11.59333+02,0,1271212,0,,
amc_core.patient_questionnaire,dcm_refreshed_date_time,timestamptz,2025-07-02 12:43:37.973+02,2025-07-02 12:43:37.973+02,0,18054006,0,,
amc_core.patient_questionnaire,issue_dt,timestamptz,2025-07-02 17:12:11.59333+02,2025-07-02 17:12:11.59333+02,0,18054006,0,,
amc_core.patient_questionnaire,reply_date,date,10/10/15,7/1/25,0,18054006,0,,
amc_core.patient_questionnaire,reply_date_time,timestamptz,2015-10-10 12:00:02+02,2025-07-01 02:02:14+02,0,18054006,0,,
amc_core.patient_questionnaire,reply_time,time,0:00:00,23:59:59,0,18054006,0,,
amc_core.patient_social,dcm_refreshed_date_time,timestamptz,2025-07-02 12:42:08.047+02,2025-07-02 12:42:08.047+02,0,1271212,0,,
amc_core.patient_social,issue_dt,date,7/2/25,7/2/25,0,1271212,0,,
amc_core.problem_list,close_date,date,1/1/00,12/31/99,0,2415479,0,,
amc_core.problem_list,corrected_close_date,date,1/1/00,6/30/25,2174491,2415479,90.02,past dates?,
amc_core.problem_list,dcm_refreshed_date_time,timestamptz,2025-07-02 12:48:46.2+02,2025-07-02 12:48:46.2+02,0,2415479,0,,
amc_core.problem_list,issue_dt,timestamptz,2025-07-02 17:12:11.59333+02,2025-07-02 17:12:11.59333+02,0,2415479,0,,
amc_core.problem_list,observation_date,date,1841-01-01,6/30/25,0,2415479,0,,
amc_core.problem_list,patient_contact_date,date,6/26/14,1/23/28,1122,2415479,0.05,,
amc_core.problem_list,patient_contact_date_time,timestamptz,2014-06-26 02:00:00+02,2028-01-23 01:00:00+01,1122,2415479,0.05,,
amc_core.problem_list,registration_date,date,9/29/15,7/1/25,0,2415479,0,,
amc_core.procedures,dcm_refreshed_date_time,timestamptz,2025-07-03 10:14:18.203+02,2025-07-03 10:14:18.203+02,0,104611787,0,,
amc_core.procedures,intervention_date,date,1/1/00,5/13/26,0,104611787,0,,
amc_core.procedures,issue_dt,timestamptz,2025-07-03 11:31:26.86+02,2025-07-03 11:31:26.86+02,0,104611787,0,,
amc_core.seh_trajectory,corrected_seh_departure_date,date,10/25/15,6/30/25,14,372264,0,,
amc_core.seh_trajectory,corrected_seh_departure_date_time,timestamptz,2015-10-25 06:36:00+01,2025-07-01 01:44:00+02,14,372264,0,,
amc_core.seh_trajectory,corrected_seh_departure_moment,time,0:00:00,23:59:00,14,372264,0,,
amc_core.seh_trajectory,dcm_refreshed_date_time,timestamptz,2025-07-02 13:32:11.557+02,2025-07-02 13:32:11.557+02,0,372264,0,,
amc_core.seh_trajectory,issue_dt,timestamptz,2025-07-02 17:12:11.59333+02,2025-07-02 17:12:11.59333+02,0,372264,0,,
amc_core.seh_trajectory,patient_arrived_at_seh_date_time,timestamptz,2015-10-25 05:04:08+01,2025-07-01 01:59:06+02,627,372264,0.17,,
amc_core.seh_trajectory,seh_admission_date,date,10/25/15,6/30/25,0,372264,0,,
amc_core.seh_trajectory,seh_admission_date_time,timestamptz,2015-10-25 06:35:00+01,2025-07-01 01:59:00+02,0,372264,0,,
amc_core.seh_trajectory,seh_admission_moment,time,0:00:00,23:59:00,0,372264,0,,
amc_core.seh_trajectory,seh_departure_date,date,10/25/15,12/31/99,0,372264,0,corrected,
amc_core.seh_trajectory,seh_departure_date_time,timestamptz,2015-10-25 06:36:00+01,10000-01-01 00:59:00+01,0,372264,0,,
amc_core.seh_trajectory,seh_departure_moment,time,0:00:00,23:59:00,0,372264,0,,
amc_core.seh_trajectory,urgent_contact_created_date_time,timestamptz,2015-10-25 05:01:43+01,2025-07-01 01:26:55+02,707,372264,0.19,,
amc_core.surgery_history,dcm_refreshed_date_time,timestamptz,2025-07-03 10:14:53.06+02,2025-07-03 10:14:53.06+02,0,3685808,0,,
amc_core.surgery_history,issue_dt,timestamptz,2025-07-03 11:28:15.70333+02,2025-07-03 11:28:15.70333+02,0,3685808,0,,
amc_core.surgery_history,procedure_end_date,date,12/31/30,12/31/25,555702,3685808,15.08,,
amc_core.surgery_history,procedure_start_date,date,1/1/30,7/1/25,555702,3685808,15.08,,
amc_core.surgery_history,registration_date,date,10/6/15,7/2/25,0,3685808,0,,
amc_core.tobacco_use,dcm_refreshed_date_time,timestamptz,2025-07-02 13:34:27.55+02,2025-07-02 13:34:27.55+02,0,1400244,0,,
amc_core.tobacco_use,issue_dt,timestamptz,2025-07-02 17:12:11.59333+02,2025-07-02 17:12:11.59333+02,0,1400244,0,,
amc_core.tobacco_use,registration_date,date,10/6/15,7/1/25,0,1400244,0,,
amc_core.tobacco_use,start_date,date,1753-01-01,5/10/24,0,1400244,0,,
amc_core.tobacco_use,stop_date,date,1886-01-01,12/31/99,0,1400244,0,,